{"x": [800.6219302783401, 701.4269154934965, 798.7405557537344, 699.4313111749642], "y": [701.471055555261, 698.4386166370995, 702.1274039932885, 704.1490645065289], "color": [0.85, 0.85, 0.85, 0.85], "velocity": [13.08208563643921, 12.577122744875062, 13.514897140400619, 12.656012154264955], "r": [8, 8, 8, 8], "nose": [2.319116590586021, 2.1305838774568304, 2.235200023178208, 2.034934044468032], "poison": [8.758734860395315, 10.398301002410063, 10.383722516705667, 9.485865297977426]}