{"x": [279.64732306519113, 146.66956972297228, 151.27757080931858, 282.5622886854163], "y": [12.048741099162568, 277.8432686955617, 277.55651097673336, 10.3311262534413], "color": ["xyz", "xyz", "xyz", "xyz"], "velocity": [2.933196689215361, 2.923899046886858, 2.712597869703027, 2.700449006532434], "r": [2.433185650588086, 2.9024280104795293, 2.854431331440543, 3.0974927237526138], "nose": [2.1224948819106455, 2.294149295099046, 1.442367353623918, 2.091550684545596], "zombieness": [9.185287839497688, 7.638249968707216, 8.01899153677147, 8.226390613485474], "poison": [4.61820257706075, 6.07799850944966, 8.980358766767944, 5.628753149864418]}