{"x": [399.86904292898447, 400.00476054965543], "y": [399.9966764403011, 399.87818582032077], "velocity": [12.585144721602017, 10.731423580181893], "r": [8, 8], "nose": [1.5778404845310552, 1.7128016293547477], "poison": [9.08555803192042, 12.164102320274807]}