{"x": [451.37807549552576, 299.47578254119077, 450.7207895840349, 299.6482977496064], "y": [701.5291537320433, 696.5084780704051, 700.0671126769769, 700.6900226591921], "velocity": [8.768746860518663, 9.04748597503432, 9.436561586157906, 7.861947616762707], "r": [8, 8, 8, 8], "nose": [2.0423595151262193, 2.0767128202940213, 2.2258350947104173, 1.8601865483186861], "poison": [17.9628379746721, 9.11179953314489, 11.115505053224743, -0.9215035082999421]}