{"x": [1001.1920605927331, 999.8299640070796, 1000.3729294163303], "y": [451.03381918526884, 449.7200005087967, 449.97147429610374], "color": [0.3, 0.3, 0.3], "velocity": [2.0014106421367917, 3.2071245600318465, 3.1958415716200705], "r": [8.0, 8.0, 8.0], "smell": [5.102756198580699, 4.263185938288666, 5.187938668819164], "eye": [1.9977743584964547, 1.973206191336921, 1.771261283989537], "resist": [3.4909138963612696, 3.750207643799683, 5.696495493591417], "strength": [11.483557302540403, 9.802764817443112, 12.268509205082323], "stamina": [9.88256183056995, 10.97277180760506, 8.855410971374745], "strategy": [[1, 1, 1, 1], [1, 1, 1, 1], [1, 1, 1, 1]]}