{"x": [706.3875829305126, 802.2556754226081, 803.0680410292968, 699.0800492435756], "y": [701.4149924148087, 704.8799452264348, 699.6328820927918, 703.2526412352732], "color": [0.85, 0.85, 0.85, 0.85], "velocity": [12.230879959255732, 13.15214596427873, 13.182896262741437, 13.123282310876467], "r": [8.0, 8.0, 8.0, 8.0], "nose": [2.0244515506338634, 2.00035474443066, 1.6040878243377075, 2.1537333385034545], "zombieness": [7.209141688954632, 7.142093683694051, 7.715322735133462, 7.21524448543763], "poison": [6.396407481100295, 5.885741531573984, 6.113712454051596, 0.7668403139544466]}