{"x": [818.4910040776934, 828.9196285054014, 834.5224144838553], "y": [263.5185401258866, 250.3472454408885, 288.34637896339444], "color": [0.3, 0.3, 0.3], "velocity": [2.445471663319334, 3.1729627075959357, 2.866173558750546], "r": [8.0, 8.0, 8.0], "smell": [6.655268397908638, 6.026380392540389, 3.49566532296131], "eye": [2.0179969464389513, 2.3966025744561237, 2.1984529225673826], "resist": [5.345709797077675, 5.009778056200623, 5.211186538388215], "strength": [9.465129844834141, 10.399000432900738, 10.298102887471092], "stamina": [9.569803441295782, 9.81857500555193, 9.05143132722383]}