{"x": [241.60572677964194, 197.69202004254964, 167.78199184642287, 829.4938805191097], "y": [653.6565825901479, 637.7330458129629, 661.4364357662922, 658.6329766185469], "color": [0.85, 0.85, 0.85, 0.85], "velocity": [23.473490417005557, 23.06689083432885, 23.028513421480618, 22.531481037351682], "r": [8.0, 8.0, 8.0, 8.0], "nose": [2.031407539591068, 1.8392955231699668, 1.534094995586706, 1.8595706370471388], "zombieness": [7.545590552067978, 7.873850962067554, 7.484190633800592, 8.014455051815757], "poison": [5.96858723582327, 6.121517809480374, 3.9814024333715103, 6.184749618895925]}