{"x": [99.77022268570656, 102.43594159734265, 101.77542280664527], "y": [239.60463605610988, 237.8283121391568, 238.14997789994837], "color": ["xyz", "xyz", "xyz"], "velocity": [2.1751217387393114, 4.018444189033663, 2.5983901611470874], "r": [2.9803585553168332, 2.9580406592449884, 2.9996540059306063], "smell": [4.609780465817675, 5.358754339232838, 5.843211938905256], "eye": [2.10302904473262, 2.241639820331145, 2.1650315988550255], "resist": [4.695499055696347, 4.769937590298328, 2.029808262011314], "strength": [8.795165725649266, 9.75918188673668, 9.1088139982624], "stamina": [10.937938940873341, 10.863951623053232, 9.363380086898257]}