{"x": [698.4404714514387, 803.8949705313795, 700.4248242490337, 796.015909442963], "y": [699.8452242767537, 700.7695725234873, 700.5329170333998, 699.4942285252348], "velocity": [7.7555163436978685, 11.60361271244244, 12.779130091310101, 8.17247254930627], "r": [8, 8, 8, 8], "nose": [1.641715669904392, 2.319858426239883, 1.9651425133803933, 1.9690344326950486], "poison": [15.05081859791211, 7.873871499190326, 9.052312846744574, 9.278531642502353]}