{"x": [799.9234308074707, 800.657310815081, 798.9272517963609, 700.8430542640988], "y": [702.430654599568, 696.3934349640338, 699.4221205661298, 698.2654575768136], "color": [0.85, 0.85, 0.85, 0.85], "velocity": [9.382246186896234, 10.474191278303861, 11.535267677996039, 8.267004650305724], "r": [8, 8, 8, 8], "nose": [2.198509231206786, 1.8341762198286184, 2.003126700308613, 2.311891086953212], "poison": [12.754774755450645, 6.779800921535964, 9.38633524997316, 9.798281123054753]}