{"x": [871.2341451161963, 588.7887646692013, 865.6947192668747], "y": [282.06741419069505, 239.63876935933314, 254.09721632644053], "color": [0.3, 0.3, 0.3], "velocity": [3.5745916355931686, 2.5462398723774204, 2.384852627573418], "r": [8.0, 8.0, 8.0], "smell": [5.816058983567067, 4.314043676038487, 4.270540095083591], "eye": [1.8429105748794403, 1.7586955671098066, 1.7415501754509755], "resist": [2.8420799445122586, 3.8790772579345387, 4.139668199982986], "strength": [10.659561568997614, 12.816355407060655, 9.404875052893178], "stamina": [9.251946181033484, 9.222673097508634, 9.963877726476298]}