{"x": [806.3419370173887, 1098.3006649938106, 802.0211244686626, 1092.9934767395728, 806.9226999303381], "y": [399.88026397109587, 399.8000289789429, 399.8562372827201, 400.02900803474057, 400.00377847627624], "velocity": [7.585593736892374, 7.323494525935441, 8.247276992105292, 10.002484698862691, 13.335143090637919], "r": [8, 8, 8, 8, 8], "smell": [5.793048884536171, 4.839880343332789, 6.387144736383868, 6.938950855637576, 4.166193902464851], "eye": [1.5091409157017885, 1.5898507719405621, 1.5552922155284437, 1.612324871764593, 1.6061544014183997], "strength": [9.260566100838801, 10.070502217921502, 18.04872948270625, 5.256888003242599, 17.297576404470714], "stamina": [5, 5, 5, 5, 5], "strategy": [[0.5, 0, 2], [0.5, 0, 2], [0.5, 0, 2], [0.5, 0, 2], [0.5, 0, 2]]}