{"x": [1000.6457728538423, 1001.6295122817959, 998.5752074977368], "y": [451.8634217483158, 445.5907529876575, 428.5157065094563], "color": [0.3, 0.3, 0.3], "velocity": [3.3182987933361927, 3.018675256667004, 3.735212164259493], "r": [8, 8, 8], "smell": [4.969156600617923, 5.5950016904178, 6.459204098229081], "eye": [2.025192835525319, 2.1593059544248914, 2.278112415786795], "strength": [10.979436974091843, 11.577336800340024, 9.234824618012638], "stamina": [5, 5, 5], "strategy": [[1, 0, 2], [1, 0, 2], [1, 0, 2]]}