{"x": [804.0081504710523, 1001.640398125147, 1004.4728863539844], "y": [439.42138663170255, 450.7356457438207, 444.00794728944396], "velocity": [10.541151394151582, 13.415285605585602, 6.434894150458412], "r": [8, 8, 8], "smell": [5.607818058332002, 6.354581623753894, 4.67205114197372], "eye": [1.9266396168317519, 1.8836367931331075, 2.0956845258605483], "strength": [14.979206236008853, 6.614822374867339, 11.341591544723414], "stamina": [5, 5, 5], "strategy": [[0.5, 0, 2], [0.5, 0, 2], [0.5, 0, 2]]}