{"x": [1000.9094430688117, 1000.8144606055947, 999.1182607270307], "y": [454.09723084991026, 452.2698436212504, 448.91546717106314], "color": [0.3, 0.3, 0.3], "velocity": [10.222202667105732, 9.422498877439336, 8.708414928591203], "r": [8, 8, 8], "smell": [3.7179604516259435, 4.792119666167154, 4.822793396777767], "eye": [2.2297927257132875, 2.2147907905348116, 1.8221363115706568], "strength": [11.229163299608825, 8.63344988256022, 10.993743807137932], "stamina": [5, 5, 5], "strategy": [[0.5, 0, 2], [0.5, 0, 2], [0.5, 0, 2]]}