{"x": [786.9728897206405, 814.7198583579127, 212.45510667597466, 186.63098027264923], "y": [685.8555974359039, 676.2290674601292, 689.0898596740271, 669.4644998042488], "color": [0.85, 0.85, 0.85, 0.85], "velocity": [2.5091983065432575, 2.254677172871891, 2.9655931160109645, 3.509287962794585], "r": [8.0, 8.0, 8.0, 8.0], "nose": [1.99748703942554, 1.9557065803063205, 2.0370029296393883, 2.207447219558636], "zombieness": [7.826247057794815, 7.901238068170953, 8.922316078393038, 7.65293975941467], "poison": [3.501704838934883, 5.594971016673065, 5.246453541794771, 6.936236764610625]}