{"x": [901.6168913356121, 901.8949023425089, 1001.6216726504745], "y": [428.17286791259414, 431.2805639520846, 450.6974142924029], "velocity": [12.944481772084348, 8.108098405583606, 10.643836826562033], "r": [8, 8, 8], "smell": [4.903648961150489, 6.423631324765481, 6.814135616603599], "eye": [2.0707445541927085, 1.7108189544662324, 1.7969471623172752], "strength": [15.346997477903983, 12.881377814489534, 8.745886066777484], "stamina": [5, 5, 5], "strategy": [[0.5, 0, 2], [0.5, 0, 2], [0.5, 0, 2]]}